{"cameraMode":{"drawMode":0,"name":"Shaded","section":"Shading Mode"},"sceneLighting":false,"audioPlay":false,"sceneViewState":{"m_AlwaysRefresh":false,"showFog":true,"showSkybox":false,"showFlares":true,"showImageEffects":true,"showParticleSystems":true,"showVisualEffectGraphs":true,"m_FxEnabled":true},"in2DMode":false,"pivot":{"x":-0.9977754354476929,"y":0.6007951498031616,"z":-4.470348358154297e-8},"rotation":{"x":0.3125818967819214,"y":-0.04699990153312683,"z":0.015485631301999092,"w":0.9486131072044373},"size":1.3072415590286255,"orthographic":false}